{
    "chunk": 9,
    "best_f1": 0.6733668341708543,
    "best_epoch": 3,
    "final_auc": 0.559810062638917,
    "final_accuracy": 0.5628140703517588,
    "parameters": {
        "weight_decay": 0.001,
        "entropy_reg_weight": 0.001,
        "dropout_rate": 0.2,
        "attn_dropout_rate": 0.0
    }
}