{
    "best_f1": 0.6733500417710944,
    "best_epoch": 1,
    "final_auc": 0.5499090725399071,
    "final_accuracy": 0.5477386934673367,
    "chunk": 2,
    "parameters": {
        "weight_decay": 0.0,
        "entropy_reg_weight": 0.0005,
        "dropout_rate": 0.1,
        "attn_dropout_rate": 0.1
    }
}