{
    "chunk": 9,
    "best_f1": 0.6756529064869419,
    "best_epoch": 5,
    "final_auc": 0.5300628914932309,
    "final_accuracy": 0.5376884422110553,
    "parameters": {
        "weight_decay": 0.001,
        "entropy_reg_weight": 0.001,
        "dropout_rate": 0.2,
        "attn_dropout_rate": 0.2
    }
}